id;title;content
1;mobile Fish;../fake-data/blob/hipster.txt
2;Home Loan Account Table Computer;../fake-data/blob/hipster.txt
3;Trace;../fake-data/blob/hipster.txt
4;Savings Account alarm;../fake-data/blob/hipster.txt
5;Tasty Metal Bacon;../fake-data/blob/hipster.txt
6;red Chips Soap;../fake-data/blob/hipster.txt
7;Home Loan Account;../fake-data/blob/hipster.txt
8;web-readiness;../fake-data/blob/hipster.txt
9;Namibia;../fake-data/blob/hipster.txt
10;Steel zero administration;../fake-data/blob/hipster.txt
